<?xml version="1.0" encoding="UTF-8"?>
<notaDebito xmlns:ds="http://www.w3.org/2000/09/xmldsig#"
 xmlns:xsi="http://www.w3.org/2001/XMLSchema-instance"
 xsi:noNamespaceSchemaLocation="file:/C:/borrar/xsd/3-xsd-4_V1.0.0.xsd" id="comprobante" version="version0">
    <infoTributaria>
        <ambiente>1</ambiente>
        <tipoEmision>1</tipoEmision>
        <razonSocial>razonSocial0</razonSocial>
        <nombreComercial>nombreComercial0</nombreComercial>
        <ruc>0000000000001</ruc>
        <claveAcceso>0000000000000000000000000000000000000000000000000</claveAcceso>
        <codDoc>00</codDoc>
        <estab>000</estab>
        <ptoEmi>000</ptoEmi>
        <secuencial>000000000</secuencial>
        <dirMatriz>dirMatriz0</dirMatriz>
        <agenteRetencion>0</agenteRetencion>
        <contribuyenteRimpe>CONTRIBUYENTE RÉGIMEN RIMPE</contribuyenteRimpe>
    </infoTributaria>
    <infoNotaDebito>
        <fechaEmision>01/01/2000</fechaEmision>
        <dirEstablecimiento>dirEstablecimiento0</dirEstablecimiento>
        <tipoIdentificacionComprador>04</tipoIdentificacionComprador>
        <razonSocialComprador>razonSocialComprador0</razonSocialComprador>
        <identificacionComprador>identificacionCompra</identificacionComprador>
        <contribuyenteEspecial>contribuyente</contribuyenteEspecial>
        <obligadoContabilidad>SI</obligadoContabilidad>
        <rise>rise0</rise>
        <codDocModificado>00</codDocModificado>
        <numDocModificado>000-000-000000000</numDocModificado>
        <fechaEmisionDocSustento>01/01/2000</fechaEmisionDocSustento>
        <totalSinImpuestos>0.00</totalSinImpuestos>
        <impuestos>
            <impuesto>
                <codigo>2</codigo>
                <codigoPorcentaje>0</codigoPorcentaje>
                <tarifa>49.50</tarifa>
                <baseImponible>50.00</baseImponible>
                <valor>50.00</valor>
                <valorDevolucionIva>50.00</valorDevolucionIva>
            </impuesto>
            <impuesto>
                <codigo>2</codigo>
                <codigoPorcentaje>0</codigoPorcentaje>
                <tarifa>49.50</tarifa>
                <baseImponible>50.00</baseImponible>
                <valor>50.00</valor>
                <valorDevolucionIva>50.00</valorDevolucionIva>
            </impuesto>
        </impuestos>
        <compensaciones>
            <compensacion>
                <codigo>1</codigo>
                <tarifa>49.50</tarifa>
                <valor>50.00</valor>
            </compensacion>
            <compensacion>
                <codigo>1</codigo>
                <tarifa>49.50</tarifa>
                <valor>50.00</valor>
            </compensacion>
        </compensaciones>
        <valorTotal>50.00</valorTotal>
        <pagos>
            <pago>
                <formaPago>01</formaPago>
                <total>50.00</total>
                <plazo>50.00</plazo>
                <unidadTiempo>unidadTiem</unidadTiempo>
            </pago>
            <pago>
                <formaPago>01</formaPago>
                <total>50.00</total>
                <plazo>50.00</plazo>
                <unidadTiempo>unidadTiem</unidadTiempo>
            </pago>
        </pagos>
        <pagos>
            <pago>
                <formaPago>01</formaPago>
                <total>50.00</total>
                <plazo>50.00</plazo>
                <unidadTiempo>unidadTiem</unidadTiempo>
            </pago>
            <pago>
                <formaPago>01</formaPago>
                <total>50.00</total>
                <plazo>50.00</plazo>
                <unidadTiempo>unidadTiem</unidadTiempo>
            </pago>
        </pagos>
    </infoNotaDebito>
    <motivos>
        <motivo>
            <razon>razon0</razon>
            <valor>50.00</valor>
        </motivo>
        <motivo>
            <razon>razon1</razon>
            <valor>50.00</valor>
        </motivo>
    </motivos>
    <maquinaFiscal>
        <marca>marca0</marca>
        <modelo>modelo0</modelo>
        <serie>serie0</serie>
    </maquinaFiscal>
    <infoAdicional>
        <campoAdicional nombre="nombre0">campoAdicional0</campoAdicional>
        <campoAdicional nombre="nombre1">campoAdicional1</campoAdicional>
    </infoAdicional>
</notaDebito>
