<?xml version="1.0" encoding="UTF-8" standalone="no"?>
<ApplicationResponse xmlns="urn:oasis:names:specification:ubl:schema:xsd:ApplicationResponse-2"
		xmlns:cac="urn:oasis:names:specification:ubl:schema:xsd:CommonAggregateComponents-2"
		xmlns:cbc="urn:oasis:names:specification:ubl:schema:xsd:CommonBasicComponents-2"
		xmlns:ds="http://www.w3.org/2000/09/xmldsig#"
		xmlns:ext="urn:oasis:names:specification:ubl:schema:xsd:CommonExtensionComponents-2"
		xmlns:sts="dian:gov:co:facturaelectronica:Structures-2-1"
		xmlns:xades="http://uri.etsi.org/01903/v1.3.2#"
		xmlns:xades141="http://uri.etsi.org/01903/v1.4.1#"
		xmlns:xsi="http://www.w3.org/2001/XMLSchema-instance"
		xsi:schemaLocation="urn:oasis:names:specification:ubl:schema:xsd:ApplicationResponse-2 http://docs.oasis-open.org/ubl/os-UBL-2.1/xsd/maindoc/UBL-ApplicationResponse-2.1.xsd">
	<ext:UBLExtensions>
		<ext:UBLExtension>
			<ext:ExtensionContent>
				<sts:DianExtensions>
					<sts:InvoiceSource>
						<cbc:IdentificationCode listAgencyID="6" listAgencyName="United Nations Economic Commission for Europe" listSchemeURI="urn:oasis:names:specification:ubl:codelist:gc:CountryIdentificationCode-2.1">CO</cbc:IdentificationCode>
					</sts:InvoiceSource>
					<sts:SoftwareProvider>
						<sts:ProviderID schemeID="4" schemeName="31" schemeAgencyID="195" schemeAgencyName="CO, DIAN (Dirección de Impuestos y Aduanas Nacionales)">800197265</sts:ProviderID>
						<sts:SoftwareID schemeAgencyID="195" schemeAgencyName="CO, DIAN (Dirección de Impuestos y Aduanas Nacionales)">0bae9a52-e638-432a-86e0-9922d376cac8</sts:SoftwareID>
					</sts:SoftwareProvider>
					<sts:SoftwareSecurityCode schemeAgencyID="195" schemeAgencyName="CO, DIAN (Dirección de Impuestos y Aduanas Nacionales)">454e235aec643a1028f5d27a24a4c1ccd984d8f30b7a8872c416b7f8f02767812e7a8a934ea4f642feb926e85d385a79</sts:SoftwareSecurityCode>
					<sts:AuthorizationProvider>
						<sts:AuthorizationProviderID schemeID="4" schemeName="31" schemeAgencyID="195" schemeAgencyName="CO, DIAN (Dirección de Impuestos y Aduanas Nacionales)">800197268</sts:AuthorizationProviderID>
					</sts:AuthorizationProvider>
					<sts:QRCode><!-- https://catalogovpfe.dian.gov.co/document/searchqr?documentkey=CUDE --></sts:QRCode>
				</sts:DianExtensions>
			</ext:ExtensionContent>
		</ext:UBLExtension>
		<ext:UBLExtension>
		    <ext:ExtensionContent>
			  <CustomTagGeneral>
			    <InformacionParaelPago>
					<Name>ValorFEV-TV</Name>
					<Value>11900000.00</Value>
				</InformacionParaelPago>
			  </CustomTagGeneral>
			</ext:ExtensionContent>
		</ext:UBLExtension>
		<ext:UBLExtension>
			<!-- ds:Signature -->
			<ext:ExtensionContent>
				<ds:Signature xmlns:ds="http://www.w3.org/2000/09/xmldsig#" Id="Signature-14fa80b5-2a50-4774-bc70-d51d6caae0ac">
					<ds:SignedInfo>
						<ds:CanonicalizationMethod Algorithm="http://www.w3.org/TR/2001/REC-xml-c14n-20010315"/>
						<ds:SignatureMethod Algorithm="http://www.w3.org/2001/04/xmldsig-more#rsa-sha256"/>
						<ds:Reference Id="Reference-40a19007-fd79-4d4e-8c7d-1e8fe9587ace" URI="">
							<ds:Transforms>
								<ds:Transform Algorithm="http://www.w3.org/2000/09/xmldsig#enveloped-signature"/>
							</ds:Transforms>
							<ds:DigestMethod Algorithm="http://www.w3.org/2001/04/xmlenc#sha256"/>
							<ds:DigestValue></ds:DigestValue>
						</ds:Reference>
						<ds:Reference Id="ReferenceKeyInfo" URI="#Signature-14fa80b5-2a50-4774-bc70-d51d6caae0ac-KeyInfo">
							<ds:DigestMethod Algorithm="http://www.w3.org/2001/04/xmlenc#sha256"/>
							<ds:DigestValue></ds:DigestValue>
						</ds:Reference>
						<ds:Reference Type="http://uri.etsi.org/01903#SignedProperties" URI="#xmldsig-Signature-14fa80b5-2a50-4774-bc70-d51d6caae0ac-signedprops">
							<ds:DigestMethod Algorithm="http://www.w3.org/2001/04/xmlenc#sha256"/>
							<ds:DigestValue></ds:DigestValue>
						</ds:Reference>
					</ds:SignedInfo>
					<ds:SignatureValue Id="SignatureValue-14fa80b5-2a50-4774-bc70-d51d6caae0ac"></ds:SignatureValue>
					<ds:KeyInfo Id="Signature-14fa80b5-2a50-4774-bc70-d51d6caae0ac-KeyInfo">
						<ds:X509Data>
							<ds:X509Certificate></ds:X509Certificate>
						</ds:X509Data>
						<ds:KeyValue>
							<ds:RSAKeyValue>
								<ds:Modulus></ds:Modulus>
								<ds:Exponent></ds:Exponent>
							</ds:RSAKeyValue>
						</ds:KeyValue>
					</ds:KeyInfo>
					<ds:Object Id="XadesObjectId-ace935d6-1672-444b-9cb7-62b97458850c">
						<xades:QualifyingProperties xmlns:xades="http://uri.etsi.org/01903/v1.3.2#" xmlns:xades141="http://uri.etsi.org/01903/v1.4.1#" Id="QualifyingProperties-9fb00de4-0df7-4d5b-a43b-dfc6838e6f4b" Target="#Signature-14fa80b5-2a50-4774-bc70-d51d6caae0ac">
							<xades:SignedProperties Id="xmldsig-Signature-14fa80b5-2a50-4774-bc70-d51d6caae0ac-signedprops">
								<xades:SignedSignatureProperties>
									<xades:SigningTime>2020-12-18T16:06:03.583-05:00</xades:SigningTime>
									<xades:SigningCertificate>
										<xades:Cert>
											<xades:CertDigest>
												<ds:DigestMethod Algorithm="http://www.w3.org/2001/04/xmlenc#sha256"/>
												<ds:DigestValue> </ds:DigestValue>
											</xades:CertDigest>
											<xades:IssuerSerial>
												<ds:X509IssuerName></ds:X509IssuerName>
												<ds:X509SerialNumber>1234566789</ds:X509SerialNumber>
											</xades:IssuerSerial>
										</xades:Cert>
									</xades:SigningCertificate>
									<xades:SignaturePolicyIdentifier>
										<xades:SignaturePolicyId>
											<xades:SigPolicyId>
												<xades:Identifier></xades:Identifier>
												<xades:Description/>
											</xades:SigPolicyId>
											<xades:SigPolicyHash>
												<ds:DigestMethod Algorithm="http://www.w3.org/2001/04/xmlenc#sha256"/>
												<ds:DigestValue></ds:DigestValue>
											</xades:SigPolicyHash>
										</xades:SignaturePolicyId>
									</xades:SignaturePolicyIdentifier>
									<xades:SignerRole>
										<xades:ClaimedRoles>
											<xades:ClaimedRole></xades:ClaimedRole>
										</xades:ClaimedRoles>
									</xades:SignerRole>
								</xades:SignedSignatureProperties>
								<xades:SignedDataObjectProperties>
									<xades:DataObjectFormat ObjectReference="#Reference-40a19007-fd79-4d4e-8c7d-1e8fe9587ace">
										<xades:MimeType></xades:MimeType>
										<xades:Encoding>UTF-8</xades:Encoding>
									</xades:DataObjectFormat>
								</xades:SignedDataObjectProperties>
							</xades:SignedProperties>
						</xades:QualifyingProperties>
					</ds:Object>
				</ds:Signature>
			</ext:ExtensionContent>
		</ext:UBLExtension>
	</ext:UBLExtensions>
	<cbc:UBLVersionID>UBL 2.1</cbc:UBLVersionID>
	<cbc:CustomizationID>046</cbc:CustomizationID>
	<cbc:ProfileID>DIAN 2.1: ApplicationResponse de la Factura Electrónica de Venta</cbc:ProfileID>
	<cbc:ProfileExecutionID>2</cbc:ProfileExecutionID>
	<cbc:ID>IPP001</cbc:ID>
	<cbc:UUID schemeID="2" schemeName="CUDE-SHA384">61f16417a8d9fb302491b58cb3dc23fa2c50c0eff32d2d948095504116b4b534878aa3bbeacfc138fb7af8cc922fe294</cbc:UUID>
	<cbc:IssueDate>2021-02-23</cbc:IssueDate>
	<cbc:IssueTime>19:17:29-05:00</cbc:IssueTime>
	<cbc:Note>Nombre del Mandatario "OBRANDO EN NOMBRE Y REPRESENTACION DE" Nombre del mandante</cbc:Note>
	<cac:SenderParty>
		<cac:PartyTaxScheme>
			<cbc:RegistrationName>Pepa Pig</cbc:RegistrationName>
			<cbc:CompanyID schemeAgencyID="195" schemeID="2" schemeName="31" schemeVersionID="1" schemeAgencyName="CO, DIAN (Dirección de Impuestos y Aduanas Nacionales)">800197265</cbc:CompanyID>
			<cac:TaxScheme>
				<cbc:ID>01</cbc:ID>
				<cbc:Name>IVA</cbc:Name>
			</cac:TaxScheme>
		</cac:PartyTaxScheme>
	</cac:SenderParty>
	<cac:ReceiverParty>
		<cac:PartyTaxScheme>
			<cbc:RegistrationName>FACTURA ELECTRONICA USUARIO PRUEBAS MIGRACION </cbc:RegistrationName>
			<cbc:CompanyID schemeName="31" schemeID="2" schemeAgencyID="195" schemeVersionID="1" schemeAgencyName="CO, DIAN (Dirección de Impuestos y Aduanas Nacionales)">900373393</cbc:CompanyID>
			<cac:TaxScheme>
				<cbc:ID>01</cbc:ID>
				<cbc:Name>IVA</cbc:Name>
			</cac:TaxScheme>
		</cac:PartyTaxScheme>	
	</cac:ReceiverParty>
	<cac:DocumentResponse>
		<cac:Response>
			<cbc:ResponseCode>046</cbc:ResponseCode>
			<cbc:Description>Informe para el pago</cbc:Description>
		</cac:Response>
		<cac:DocumentReference>
			<cbc:ID>SETG980000084</cbc:ID>
			<cbc:UUID schemeName="CUFE-SHA384">0eee8536e51cf8baf50b6b2aaaea55b34db16c4cf8fadd7882a76025365f02fc6fa7580e8683179206388faa94196b12</cbc:UUID>
			<cbc:DocumentTypeCode>01</cbc:DocumentTypeCode>
			<cac:ValidityPeriod>
			<cbc:EndDate>2021-03-23</cbc:EndDate>
			</cac:ValidityPeriod>
		</cac:DocumentReference>
	</cac:DocumentResponse>
</ApplicationResponse>

