<?xml version="1.0" encoding="UTF-8" standalone="no"?><Invoice xmlns="urn:oasis:names:specification:ubl:schema:xsd:Invoice-2" xmlns:cac="urn:oasis:names:specification:ubl:schema:xsd:CommonAggregateComponents-2" xmlns:cbc="urn:oasis:names:specification:ubl:schema:xsd:CommonBasicComponents-2" xmlns:ds="http://www.w3.org/2000/09/xmldsig#" xmlns:ext="urn:oasis:names:specification:ubl:schema:xsd:CommonExtensionComponents-2" xmlns:sts="dian:gov:co:facturaelectronica:Structures-2-1" xmlns:xades="http://uri.etsi.org/01903/v1.3.2#" xmlns:xades141="http://uri.etsi.org/01903/v1.4.1#" xmlns:xsi="http://www.w3.org/2001/XMLSchema-instance" xsi:schemaLocation="urn:oasis:names:specification:ubl:schema:xsd:Invoice-2     http://docs.oasis-open.org/ubl/os-UBL-2.1/xsd/maindoc/UBL-Invoice-2.1.xsd">
	<ext:UBLExtensions>
		<ext:UBLExtension>
			<ext:ExtensionContent>
				<sts:DianExtensions>
					<sts:InvoiceControl>
						<sts:InvoiceAuthorization>18764000000001</sts:InvoiceAuthorization>
						<sts:AuthorizationPeriod>
							<cbc:StartDate>2022-02-10</cbc:StartDate>
							<cbc:EndDate>2022-08-10</cbc:EndDate>
						</sts:AuthorizationPeriod>
						<sts:AuthorizedInvoices>
							<sts:Prefix>DS</sts:Prefix>
							<sts:From>236000000</sts:From>
							<sts:To>285999999</sts:To>
						</sts:AuthorizedInvoices>
					</sts:InvoiceControl>
					<sts:InvoiceSource>
						<cbc:IdentificationCode listAgencyID="6" listAgencyName="United Nations Economic Commission for Europe" listSchemeURI="urn:oasis:names:specification:ubl:codelist:gc:CountryIdentificationCode-2.1">CO</cbc:IdentificationCode>
					</sts:InvoiceSource>
					<sts:SoftwareProvider>
						<sts:ProviderID schemeAgencyID="195" schemeAgencyName="CO, DIAN (Dirección de Impuestos y Aduanas Nacionales)" schemeID="4" schemeName="31">800197268</sts:ProviderID>
						<sts:SoftwareID schemeAgencyID="195" schemeAgencyName="CO, DIAN (Dirección de Impuestos y Aduanas Nacionales)">56f2ae4e-9812-4fad-9255-08fcfcd5ccb0</sts:SoftwareID>
					</sts:SoftwareProvider>
					<sts:SoftwareSecurityCode schemeAgencyID="195" schemeAgencyName="CO, DIAN (Dirección de Impuestos y Aduanas Nacionales)">c1c9ed16eda07e69ce1948c4a84edcadfa20ab3da9174e724f47f65649c7bb00ab42e4c5c91e04077c0db0e4c440648b</sts:SoftwareSecurityCode>
					<sts:AuthorizationProvider>
						<sts:AuthorizationProviderID schemeAgencyID="195" schemeAgencyName="CO, DIAN (Dirección de Impuestos y Aduanas Nacionales)" schemeID="4" schemeName="31">800197268</sts:AuthorizationProviderID>
					</sts:AuthorizationProvider>
					<sts:QRCode>N°DocSoporte=DS236000000
								Fecha=2022-02-18
								Hora=13:34:59-05:00
								ValDS=3899000.00
								CodImp=01
								ValImp=322430.00
								ValTot=4152176.00
								NumSNO=1020
								NITABS=800197268
								PIN:12345
								Amb:2
								CUDS=c96a728f4453822bfc69b94253880d21d29dd1a9424444da07610799c203506d33fa4f16830dbd6ee0febb4711bfa23a
					URL=https://catalogo-vpfe-hab.dian.gov.co/Document/FindDocument?documentKey=c96a728f4453822bfc69b94253880d21d29dd1a9424444da07610799c203506d33fa4f16830dbd6ee0febb4711bfa23a</sts:QRCode>
				</sts:DianExtensions>
			</ext:ExtensionContent>
		</ext:UBLExtension>
	</ext:UBLExtensions>
	<cbc:UBLVersionID>UBL 2.1</cbc:UBLVersionID>
	<cbc:CustomizationID>10</cbc:CustomizationID>
	<cbc:ProfileID>DIAN 2.1: documento soporte en adquisiciones efectuadas a no obligados a facturar.</cbc:ProfileID>
	<cbc:ProfileExecutionID>2</cbc:ProfileExecutionID>
	<cbc:ID>DS236000000</cbc:ID>
	<cbc:UUID schemeID="2" schemeName="CUDS-SHA384">c96a728f4453822bfc69b94253880d21d29dd1a9424444da07610799c203506d33fa4f16830dbd6ee0febb4711bfa23a</cbc:UUID>
	<cbc:IssueDate>2022-02-18</cbc:IssueDate>
	<cbc:IssueTime>13:34:59-05:00</cbc:IssueTime>
	<cbc:DueDate>2022-08-14</cbc:DueDate>
	<cbc:InvoiceTypeCode>05</cbc:InvoiceTypeCode>
	<cbc:Note>Descripción Doc Soporte</cbc:Note>
	<cbc:DocumentCurrencyCode>COP</cbc:DocumentCurrencyCode>
	<cbc:LineCountNumeric>2</cbc:LineCountNumeric>
	<cac:OrderReference>
		<cbc:ID>1</cbc:ID>
		<cbc:IssueDate>2022-01-27</cbc:IssueDate>		
	</cac:OrderReference>
	<cac:AccountingSupplierParty>
		<cbc:AdditionalAccountID>1</cbc:AdditionalAccountID>
		<cac:Party>
			<cac:PhysicalLocation>
				<cac:Address>
					<cbc:ID>25053</cbc:ID>
					<cbc:CityName>Arbeláez</cbc:CityName>
					<cbc:PostalZone>252007</cbc:PostalZone>
					<cbc:CountrySubentity>Cundinamarca</cbc:CountrySubentity>
					<cbc:CountrySubentityCode>25</cbc:CountrySubentityCode>
					<cac:AddressLine>
						<cbc:Line>Calle 123</cbc:Line>
					</cac:AddressLine>
					<cac:Country>
						<cbc:IdentificationCode>CO</cbc:IdentificationCode>
						<cbc:Name languageID="es">Colombia</cbc:Name>
					</cac:Country>
				</cac:Address>
			</cac:PhysicalLocation>
			<cac:PartyTaxScheme>
				<cbc:RegistrationName>RAZÓN SOCIAL VENDEDOR</cbc:RegistrationName>
				<cbc:CompanyID schemeAgencyID="195" schemeAgencyName="CO, DIAN (Dirección de Impuestos y Aduanas Nacionales)" schemeID="2" schemeName="31">1020</cbc:CompanyID>
				<cbc:TaxLevelCode listName="">O-23;O-47</cbc:TaxLevelCode>
				<cac:TaxScheme>
					<cbc:ID>ZZ</cbc:ID>
					<cbc:Name>No aplica</cbc:Name>
				</cac:TaxScheme>
			</cac:PartyTaxScheme>
		</cac:Party>
	</cac:AccountingSupplierParty>
	<cac:AccountingCustomerParty>
		<cbc:AdditionalAccountID>2</cbc:AdditionalAccountID>
		<cac:Party>
			<cac:PartyTaxScheme>
				<cbc:RegistrationName>Razón Social ABS</cbc:RegistrationName>
				<cbc:CompanyID schemeAgencyID="195" schemeAgencyName="CO, DIAN (Dirección de Impuestos y Aduanas Nacionales)" schemeID="4" schemeName="31">800197268</cbc:CompanyID>
				<cbc:TaxLevelCode>O-15</cbc:TaxLevelCode>
				<cac:TaxScheme>
					<cbc:ID>01</cbc:ID>
					<cbc:Name>IVA</cbc:Name>
				</cac:TaxScheme>
			</cac:PartyTaxScheme>
		</cac:Party>
	</cac:AccountingCustomerParty>
	<cac:PaymentMeans>
		<cbc:ID>2</cbc:ID>
		<cbc:PaymentMeansCode>2</cbc:PaymentMeansCode>
		<cbc:PaymentDueDate>2022-08-14</cbc:PaymentDueDate>
		<cbc:PaymentID>Texto libre para informar datos adicionales sobre el medio de pago</cbc:PaymentID>
	</cac:PaymentMeans>
	<cac:AllowanceCharge>
		<cbc:ID>1</cbc:ID>
		<cbc:ChargeIndicator>false</cbc:ChargeIndicator>
		<cbc:AllowanceChargeReasonCode>00</cbc:AllowanceChargeReasonCode>
		<cbc:AllowanceChargeReason>Descuento total DocSoporte</cbc:AllowanceChargeReason>
		<cbc:MultiplierFactorNumeric>10.10</cbc:MultiplierFactorNumeric>
		<cbc:Amount currencyID="COP">393799.00</cbc:Amount>
		<cbc:BaseAmount currencyID="COP">3899000.00</cbc:BaseAmount>
	</cac:AllowanceCharge>
	<cac:AllowanceCharge>
		<cbc:ID>2</cbc:ID>
		<cbc:ChargeIndicator>true</cbc:ChargeIndicator>
		<cbc:AllowanceChargeReason>Recargo Doc Soporte</cbc:AllowanceChargeReason>
		<cbc:MultiplierFactorNumeric>5.50</cbc:MultiplierFactorNumeric>
		<cbc:Amount currencyID="COP">214445.00</cbc:Amount>
		<cbc:BaseAmount currencyID="COP">3899000.00</cbc:BaseAmount>
	</cac:AllowanceCharge>
	<cac:TaxTotal>
		<cbc:TaxAmount currencyID="COP">432530.00</cbc:TaxAmount>
		<cac:TaxSubtotal>
			<cbc:TaxableAmount currencyID="COP">1697000.00</cbc:TaxableAmount>
			<cbc:TaxAmount currencyID="COP">322430.00</cbc:TaxAmount>
			<cac:TaxCategory>
				<cbc:Percent>19.00</cbc:Percent>
				<cac:TaxScheme>
					<cbc:ID>01</cbc:ID>
					<cbc:Name>IVA</cbc:Name>
				</cac:TaxScheme>
			</cac:TaxCategory>
		</cac:TaxSubtotal>
		<cac:TaxSubtotal>
			<cbc:TaxableAmount currencyID="COP">2202000.00</cbc:TaxableAmount>
			<cbc:TaxAmount currencyID="COP">110100.00</cbc:TaxAmount>
			<cac:TaxCategory>
				<cbc:Percent>5.00</cbc:Percent>
				<cac:TaxScheme>
					<cbc:ID>01</cbc:ID>
					<cbc:Name>IVA</cbc:Name>
				</cac:TaxScheme>
			</cac:TaxCategory>
		</cac:TaxSubtotal>
	</cac:TaxTotal>
	<cac:WithholdingTaxTotal>
		<cbc:TaxAmount currencyID="COP">48364.50</cbc:TaxAmount>
		<cac:TaxSubtotal>
			<cbc:TaxableAmount currencyID="COP">322430.00</cbc:TaxableAmount>
			<cbc:TaxAmount currencyID="COP">48364.50</cbc:TaxAmount>
			<cac:TaxCategory>
				<cbc:Percent>15.00</cbc:Percent>
				<cac:TaxScheme>
					<cbc:ID>05</cbc:ID>
					<cbc:Name>ReteIVA</cbc:Name>
				</cac:TaxScheme>
			</cac:TaxCategory>
		</cac:TaxSubtotal>
	</cac:WithholdingTaxTotal>
	<cac:WithholdingTaxTotal>
		<cbc:TaxAmount currencyID="COP">242220.00</cbc:TaxAmount>
		<cac:TaxSubtotal>
			<cbc:TaxableAmount currencyID="COP">2202000.00</cbc:TaxableAmount>
			<cbc:TaxAmount currencyID="COP">242220.00</cbc:TaxAmount>
			<cac:TaxCategory>
				<cbc:Percent>11.00</cbc:Percent>
				<cac:TaxScheme>
					<cbc:ID>06</cbc:ID>
					<cbc:Name>ReteRenta</cbc:Name>
				</cac:TaxScheme>
			</cac:TaxCategory>
		</cac:TaxSubtotal>
	</cac:WithholdingTaxTotal>
	<cac:LegalMonetaryTotal>
		<cbc:LineExtensionAmount currencyID="COP">3899000.00</cbc:LineExtensionAmount>
		<cbc:TaxExclusiveAmount currencyID="COP">3899000.00</cbc:TaxExclusiveAmount>
		<cbc:TaxInclusiveAmount currencyID="COP">4331530.00</cbc:TaxInclusiveAmount>
		<cbc:AllowanceTotalAmount currencyID="COP">393799.00</cbc:AllowanceTotalAmount>
		<cbc:ChargeTotalAmount currencyID="COP">214445.00</cbc:ChargeTotalAmount>
		<cbc:PayableAmount currencyID="COP">4152176.00</cbc:PayableAmount>
	</cac:LegalMonetaryTotal>
	<cac:InvoiceLine>
		<cbc:ID>1</cbc:ID>
		<cbc:Note>Nota de producto</cbc:Note>
		<cbc:InvoicedQuantity unitCode="NT">2.000000</cbc:InvoicedQuantity>
		<cbc:LineExtensionAmount currencyID="COP">1697000.00</cbc:LineExtensionAmount>
		<cac:InvoicePeriod>
			<cbc:StartDate>2022-02-18</cbc:StartDate>
			<cbc:DescriptionCode>1</cbc:DescriptionCode>
			<cbc:Description>Por operación</cbc:Description>
		</cac:InvoicePeriod>
		<cac:AllowanceCharge>
			<cbc:ID>1</cbc:ID>
			<cbc:ChargeIndicator>false</cbc:ChargeIndicator>
			<cbc:AllowanceChargeReason>Descuento por parte del vendedor</cbc:AllowanceChargeReason>
			<cbc:MultiplierFactorNumeric>15.15</cbc:MultiplierFactorNumeric>
			<cbc:Amount currencyID="COP">303000.00</cbc:Amount>
			<cbc:BaseAmount currencyID="COP">2000000.00</cbc:BaseAmount>
		</cac:AllowanceCharge>
		<cac:TaxTotal>
			<cbc:TaxAmount currencyID="COP">322430.00</cbc:TaxAmount>
			<cac:TaxSubtotal>
				<cbc:TaxableAmount currencyID="COP">1697000.00</cbc:TaxableAmount>
				<cbc:TaxAmount currencyID="COP">322430.00</cbc:TaxAmount>
				<cac:TaxCategory>
					<cbc:Percent>19.00</cbc:Percent>
					<cac:TaxScheme>
						<cbc:ID>01</cbc:ID>
						<cbc:Name>IVA</cbc:Name>
					</cac:TaxScheme>
				</cac:TaxCategory>
			</cac:TaxSubtotal>
		</cac:TaxTotal>
		<cac:WithholdingTaxTotal>
			<cbc:TaxAmount currencyID="COP">48364.50</cbc:TaxAmount>
			<cac:TaxSubtotal>
				<cbc:TaxableAmount currencyID="COP">322430.00</cbc:TaxableAmount>
				<cbc:TaxAmount currencyID="COP">48364.50</cbc:TaxAmount>
				<cac:TaxCategory>
					<cbc:Percent>15.00</cbc:Percent>
					<cac:TaxScheme>
						<cbc:ID>05</cbc:ID>
						<cbc:Name>ReteIVA</cbc:Name>
					</cac:TaxScheme>
				</cac:TaxCategory>
			</cac:TaxSubtotal>
		</cac:WithholdingTaxTotal>
		<cac:Item>
			<cbc:Description>Producto Doc Soporte</cbc:Description>
			<cbc:PackSizeNumeric>1</cbc:PackSizeNumeric>
			<cbc:BrandName>a</cbc:BrandName>
			<cbc:ModelName>b</cbc:ModelName>
			<cac:SellersItemIdentification>
				<cbc:ID>AOHV84-225</cbc:ID>
				<cbc:ExtendedID>152030</cbc:ExtendedID>
			</cac:SellersItemIdentification>
			<cac:StandardItemIdentification>
				<cbc:ID schemeID="999" schemeName="Estándar de adopción del contribuyente">123455</cbc:ID>
			</cac:StandardItemIdentification>
		</cac:Item>
		<cac:Price>
			<cbc:PriceAmount currencyID="COP">1000000.00</cbc:PriceAmount>
			<cbc:BaseQuantity unitCode="NT">2.00</cbc:BaseQuantity>
		</cac:Price>
	</cac:InvoiceLine>
	<cac:InvoiceLine>
		<cbc:ID>2</cbc:ID>
		<cbc:Note>Nota de producto</cbc:Note>
		<cbc:InvoicedQuantity unitCode="P0">1.000000</cbc:InvoicedQuantity>
		<cbc:LineExtensionAmount currencyID="COP">2202000.00</cbc:LineExtensionAmount>
		<cac:InvoicePeriod>
			<cbc:StartDate>2022-02-18</cbc:StartDate>
			<cbc:DescriptionCode>1</cbc:DescriptionCode>
			<cbc:Description>Por operación</cbc:Description>
		</cac:InvoicePeriod>
		<cac:AllowanceCharge>
			<cbc:ID>1</cbc:ID>
			<cbc:ChargeIndicator>true</cbc:ChargeIndicator>
			<cbc:AllowanceChargeReason>Recargo total</cbc:AllowanceChargeReason>
			<cbc:MultiplierFactorNumeric>10.10</cbc:MultiplierFactorNumeric>
			<cbc:Amount currencyID="COP">202000.00</cbc:Amount>
			<cbc:BaseAmount currencyID="COP">2000000.00</cbc:BaseAmount>
		</cac:AllowanceCharge>
		<cac:TaxTotal>
			<cbc:TaxAmount currencyID="COP">110100.00</cbc:TaxAmount>
			<cac:TaxSubtotal>
				<cbc:TaxableAmount currencyID="COP">2202000.00</cbc:TaxableAmount>
				<cbc:TaxAmount currencyID="COP">110100.00</cbc:TaxAmount>
				<cac:TaxCategory>
					<cbc:Percent>5.00</cbc:Percent>
					<cac:TaxScheme>
						<cbc:ID>01</cbc:ID>
						<cbc:Name>IVA</cbc:Name>
					</cac:TaxScheme>
				</cac:TaxCategory>
			</cac:TaxSubtotal>
		</cac:TaxTotal>
		<cac:WithholdingTaxTotal>
			<cbc:TaxAmount currencyID="COP">242220.00</cbc:TaxAmount>
			<cac:TaxSubtotal>
				<cbc:TaxableAmount currencyID="COP">2202000.00</cbc:TaxableAmount>
				<cbc:TaxAmount currencyID="COP">242220.00</cbc:TaxAmount>
				<cac:TaxCategory>
					<cbc:Percent>11.00</cbc:Percent>
					<cac:TaxScheme>
						<cbc:ID>06</cbc:ID>
						<cbc:Name>ReteRenta</cbc:Name>
					</cac:TaxScheme>
				</cac:TaxCategory>
			</cac:TaxSubtotal>
		</cac:WithholdingTaxTotal>
		<cac:Item>
			<cbc:Description>Semillas</cbc:Description>
			<cbc:PackSizeNumeric>1</cbc:PackSizeNumeric>
			<cbc:BrandName>a</cbc:BrandName>
			<cbc:ModelName>b</cbc:ModelName>
			<cac:SellersItemIdentification>
				<cbc:ID>AOHV84-225</cbc:ID>
				<cbc:ExtendedID>152030</cbc:ExtendedID>
			</cac:SellersItemIdentification>
			<cac:StandardItemIdentification>
				<cbc:ID schemeAgencyID="10" schemeID="001" schemeName="UNSPSC">03111000-2</cbc:ID>
			</cac:StandardItemIdentification>
		</cac:Item>
		<cac:Price>
			<cbc:PriceAmount currencyID="COP">2000000.00</cbc:PriceAmount>
			<cbc:BaseQuantity unitCode="P0">1.00</cbc:BaseQuantity>
		</cac:Price>
	</cac:InvoiceLine>
</Invoice>