<?xml version="1.0" encoding="UTF-8"?>
<liquidacionCompra xmlns:ds="http://www.w3.org/2000/09/xmldsig#"
 xmlns:xsi="http://www.w3.org/2001/XMLSchema-instance"
 xsi:noNamespaceSchemaLocation="file:/C:/borrar/xsd/211-xsd-2_V1.1.0.xsd" id="comprobante" version="version0">
    <infoTributaria>
        <ambiente>1</ambiente>
        <tipoEmision>1</tipoEmision>
        <razonSocial>razonSocial0</razonSocial>
        <nombreComercial>nombreComercial0</nombreComercial>
        <ruc>0000000000001</ruc>
        <claveAcceso>0000000000000000000000000000000000000000000000000</claveAcceso>
        <codDoc>00</codDoc>
        <estab>000</estab>
        <ptoEmi>000</ptoEmi>
        <secuencial>000000000</secuencial>
        <dirMatriz>dirMatriz0</dirMatriz>
        <agenteRetencion>0</agenteRetencion>
        <contribuyenteRimpe>CONTRIBUYENTE RÉGIMEN RIMPE</contribuyenteRimpe>
    </infoTributaria>
    <infoLiquidacionCompra>
        <fechaEmision>01/01/2000</fechaEmision>
        <dirEstablecimiento>dirEstablecimiento0</dirEstablecimiento>
        <contribuyenteEspecial>contribuyente</contribuyenteEspecial>
        <obligadoContabilidad>SI</obligadoContabilidad>
        <tipoIdentificacionProveedor>04</tipoIdentificacionProveedor>
        <razonSocialProveedor>razonSocialProveedor0</razonSocialProveedor>
        <identificacionProveedor>identificacionProvee</identificacionProveedor>
        <direccionProveedor>direccionProveedor0</direccionProveedor>
        <totalSinImpuestos>50.00</totalSinImpuestos>
        <totalDescuento>0.00</totalDescuento>
        <codDocReembolso>00</codDocReembolso>
        <totalComprobantesReembolso>50.00</totalComprobantesReembolso>
        <totalBaseImponibleReembolso>50.00</totalBaseImponibleReembolso>
        <totalImpuestoReembolso>50.00</totalImpuestoReembolso>
        <totalConImpuestos>
            <totalImpuesto>
                <codigo>2</codigo>
                <codigoPorcentaje>0</codigoPorcentaje>
                <descuentoAdicional>0.00</descuentoAdicional>
                <baseImponible>50.00</baseImponible>
                <tarifa>49.50</tarifa>
                <valor>50.00</valor>
            </totalImpuesto>
            <totalImpuesto>
                <codigo>2</codigo>
                <codigoPorcentaje>0</codigoPorcentaje>
                <descuentoAdicional>0.00</descuentoAdicional>
                <baseImponible>50.00</baseImponible>
                <tarifa>49.50</tarifa>
                <valor>50.00</valor>
            </totalImpuesto>
        </totalConImpuestos>
        <importeTotal>50.00</importeTotal>
        <moneda>moneda0</moneda>
        <pagos>
            <pago>
                <formaPago>01</formaPago>
                <total>50.00</total>
                <plazo>50.00</plazo>
                <unidadTiempo>unidadTiem</unidadTiempo>
            </pago>
            <pago>
                <formaPago>01</formaPago>
                <total>50.00</total>
                <plazo>50.00</plazo>
                <unidadTiempo>unidadTiem</unidadTiempo>
            </pago>
        </pagos>
    </infoLiquidacionCompra>
    <detalles>
        <detalle>
            <codigoPrincipal>codigoPrincipal0</codigoPrincipal>
            <codigoAuxiliar>codigoAuxiliar0</codigoAuxiliar>
            <descripcion>descripcion0</descripcion>
            <unidadMedida>unidadMedida0</unidadMedida>
            <cantidad>50.000000</cantidad>
            <precioUnitario>50.000000</precioUnitario>
            <precioSinSubsidio>50.000000</precioSinSubsidio>
            <descuento>50.00</descuento>
            <precioTotalSinImpuesto>50.00</precioTotalSinImpuesto>
            <detallesAdicionales>
                <detAdicional nombre="nombre0" valor="valor0"/>
                <detAdicional nombre="nombre1" valor="valor1"/>
            </detallesAdicionales>
            <impuestos>
                <impuesto>
                    <codigo>2</codigo>
                    <codigoPorcentaje>0</codigoPorcentaje>
                    <tarifa>49.50</tarifa>
                    <baseImponible>50.00</baseImponible>
                    <valor>50.00</valor>
                </impuesto>
                <impuesto>
                    <codigo>2</codigo>
                    <codigoPorcentaje>0</codigoPorcentaje>
                    <tarifa>49.50</tarifa>
                    <baseImponible>50.00</baseImponible>
                    <valor>50.00</valor>
                </impuesto>
            </impuestos>
        </detalle>
        <detalle>
            <codigoPrincipal>codigoPrincipal1</codigoPrincipal>
            <codigoAuxiliar>codigoAuxiliar1</codigoAuxiliar>
            <descripcion>descripcion1</descripcion>
            <unidadMedida>unidadMedida1</unidadMedida>
            <cantidad>50.000000</cantidad>
            <precioUnitario>50.000000</precioUnitario>
            <precioSinSubsidio>50.000000</precioSinSubsidio>
            <descuento>50.00</descuento>
            <precioTotalSinImpuesto>50.00</precioTotalSinImpuesto>
            <detallesAdicionales>
                <detAdicional nombre="nombre2" valor="valor2"/>
                <detAdicional nombre="nombre3" valor="valor3"/>
            </detallesAdicionales>
            <impuestos>
                <impuesto>
                    <codigo>2</codigo>
                    <codigoPorcentaje>0</codigoPorcentaje>
                    <tarifa>49.50</tarifa>
                    <baseImponible>50.00</baseImponible>
                    <valor>50.00</valor>
                </impuesto>
                <impuesto>
                    <codigo>2</codigo>
                    <codigoPorcentaje>0</codigoPorcentaje>
                    <tarifa>49.50</tarifa>
                    <baseImponible>50.00</baseImponible>
                    <valor>50.00</valor>
                </impuesto>
            </impuestos>
        </detalle>
    </detalles>
    <reembolsos>
        <reembolsoDetalle>
            <tipoIdentificacionProveedorReembolso>04</tipoIdentificacionProveedorReembolso>
            <identificacionProveedorReembolso>identificacionProvee</identificacionProveedorReembolso>
            <codPaisPagoProveedorReembolso>000</codPaisPagoProveedorReembolso>
            <tipoProveedorReembolso>01</tipoProveedorReembolso>
            <codDocReembolso>00</codDocReembolso>
            <estabDocReembolso>000</estabDocReembolso>
            <ptoEmiDocReembolso>000</ptoEmiDocReembolso>
            <secuencialDocReembolso>000000000</secuencialDocReembolso>
            <fechaEmisionDocReembolso>01/01/2000</fechaEmisionDocReembolso>
            <numeroautorizacionDocReemb>0000000000</numeroautorizacionDocReemb>
            <detalleImpuestos>
                <detalleImpuesto>
                    <codigo>2</codigo>
                    <codigoPorcentaje>0</codigoPorcentaje>
                    <tarifa>49.50</tarifa>
                    <baseImponibleReembolso>50.00</baseImponibleReembolso>
                    <impuestoReembolso>50.00</impuestoReembolso>
                </detalleImpuesto>
                <detalleImpuesto>
                    <codigo>2</codigo>
                    <codigoPorcentaje>0</codigoPorcentaje>
                    <tarifa>49.50</tarifa>
                    <baseImponibleReembolso>50.00</baseImponibleReembolso>
                    <impuestoReembolso>50.00</impuestoReembolso>
                </detalleImpuesto>
            </detalleImpuestos>
        </reembolsoDetalle>
        <reembolsoDetalle>
            <tipoIdentificacionProveedorReembolso>04</tipoIdentificacionProveedorReembolso>
            <identificacionProveedorReembolso>identificacionProvee</identificacionProveedorReembolso>
            <codPaisPagoProveedorReembolso>000</codPaisPagoProveedorReembolso>
            <tipoProveedorReembolso>01</tipoProveedorReembolso>
            <codDocReembolso>00</codDocReembolso>
            <estabDocReembolso>000</estabDocReembolso>
            <ptoEmiDocReembolso>000</ptoEmiDocReembolso>
            <secuencialDocReembolso>000000000</secuencialDocReembolso>
            <fechaEmisionDocReembolso>01/01/2000</fechaEmisionDocReembolso>
            <numeroautorizacionDocReemb>0000000000</numeroautorizacionDocReemb>
            <detalleImpuestos>
                <detalleImpuesto>
                    <codigo>2</codigo>
                    <codigoPorcentaje>0</codigoPorcentaje>
                    <tarifa>49.50</tarifa>
                    <baseImponibleReembolso>50.00</baseImponibleReembolso>
                    <impuestoReembolso>50.00</impuestoReembolso>
                </detalleImpuesto>
                <detalleImpuesto>
                    <codigo>2</codigo>
                    <codigoPorcentaje>0</codigoPorcentaje>
                    <tarifa>49.50</tarifa>
                    <baseImponibleReembolso>50.00</baseImponibleReembolso>
                    <impuestoReembolso>50.00</impuestoReembolso>
                </detalleImpuesto>
            </detalleImpuestos>
        </reembolsoDetalle>
    </reembolsos>
    <tipoNegociable>
        <correo>correo0</correo>
    </tipoNegociable>
    <maquinaFiscal>
        <marca>marca0</marca>
        <modelo>modelo0</modelo>
        <serie>serie0</serie>
    </maquinaFiscal>
    <infoAdicional>
        <campoAdicional nombre="nombre4">campoAdicional0</campoAdicional>
        <campoAdicional nombre="nombre5">campoAdicional1</campoAdicional>
    </infoAdicional>
</liquidacionCompra>
